<?xml version="1.0" encoding="UTF-8"?>
<hibernate-configuration>
    <session-factory>
        <!-- Configuración JDBC -->
        <property name="hibernate.dialect">org.hibernate.dialect.MySQL57Dialect</property>
        <property name="hibernate.connection.driver_class">com.mysql.cj.jdbc.Driver</property>
        <property name="hibernate.connection.url">jdbc:mysql://localhost:3306/futbol?createDatabaseIfNotExist=true</property>
        <property name="hibernate.connection.username">root</property>
        <property name="hibernate.connection.password"></property>

        <property name="hibernate.c3p0.min_size">5</property>
        <property name="hibernate.c3p0.max_size">20</property>
        <property name="hibernate.c3p0.timeout">300</property>

        <property name="hibernate.show_sql">true</property>

        <property name="hibernate.hbm2ddl.auto">create</property>

        <property name="hibernate.current_session_context_class">thread</property>

        <mapping class="org.example.Division"/>
        <mapping class="org.example.Match"/>
    </session-factory>
</hibernate-configuration>
